"company","url","extracted_text","score","matched_keywords"
"Zzmogh VZW","https://express.adobe.com/page/HyndH/","zZmogh vzw brengt âkunsteducatie met een angelâ en gelooft sterk in de spelende, creatieve en scheppende mens. Onder begeleiding van kunstenaars die actief bezig zijn met hun discipline, experimenteren deelnemers met kunst, om uiteindelijk het product daarvan (optreden, voorstelling, tentoonstel","0","No relevant keywords"
"Zzmogh VZW","https://muvocharlotte.blogspot.com/2009/12/creastage.html","MuVo: Muzische groei: Creastage skip to main | skip to sidebar MuVo: Muzische groei zaterdag 5 december 2009 Creastage Op 28 september vertrokken we met heel 2BaKo op creastage in Brussel. Gedurende deze drie dagen gingen we dieper in op poppenspel onder begeleiding van ‘ZZmogh vzw’. ‘ZZmogh vzw’ is","0","No relevant keywords"
"Zzmogh VZW","https://muzomelskatleen.blogspot.com/2013/04/op-prospectie-bij-zzmogh-vzw-te-sint.html","Op prospectie bij zZmogh vzw te Sint-Amandsberg.","0","No relevant keywords"
"Zzmogh VZW","https://koenboesman.wixsite.com/koenboesman2/over","Na zijn studies in de klinische psychologie trok Koen Boesman naar de toneelacademie van Maastricht. Hij ontwikkelde zich als theaterdocent bij verschillende organisaties (Das Kunst (vroeger zZmogh vzw), Koning Kevin, OPENDOEK, GC De Markten, WISPER, enz.), was trekkende kracht van de kunsteducatiev","0","No relevant keywords"
"Zzlite","https://www.shottalk.com/threads/reshafting-ping-eye-2-irons.40983/","Reshafting ping eye 2 irons | ShotTalk.com - Golf Forum Welcome to ShotTalk ! HELP! Advertise on ShotTalk Introduction Account Upgrade Latest Post Classifieds New posts Home Forums Golf Discussion Golf Equipment Talk Reshafting ping eye 2 irons Thread starter Harleyjerz Start date Mar 10, 2024 Menu ","0","No relevant keywords"
"Zzlite","https://www.ebay.com/itm/315758191251","Golf irons set PING EYE2 BLUE DOT right h 7 clubs ZZLITE Zz lite flex . See...","0","No relevant keywords"
"Zzlite","https://cran.r-project.org/package=zzlite","zzlite: Lite Wrapper for the 'Zamzar File Conversion' API Please use the canonical form https://CRAN.R-project.org/package=zzlite to link to this page.","0","No relevant keywords"
"ZZIP BVBA","https://www.companyweb.be/nl/0882373069/zzip","Zzip (BV) - Antwerpen (2000) - BE0882373069 Zzip (BV) Actief Ondernemingsnummer BE 0882.373.069 Adres Kopstraatje 1 2000 Antwerpen Oprichting 03-07-2006 Hoofdactiviteit Groothandel in verlichtingsapparatuur Probeer gratis Crisis weerbaarheid van Zzip Welke bedrijven zijn het best gewapend tegen de h","0","No relevant keywords"
"ZZIP BVBA","https://www.bsearch.be/companyinfo/2/9384716850433421/G10/SE/zzip-antwerpen-en.html","ZZip BVBA","0","No relevant keywords"
"ZZIP BVBA","https://www.northdata.de/ZZip+BVBA,+Antwerpen/KBO+0882.373.069","ZZip B.V., Antwerpen, Belgien Recherchiere Firmen­bekanntmachungen und finanzielle Kennzahlen Einfache Suche Power-Suche Tipps & Tricks Die Hilfecenter-Artikel Alles über die Einfache Suche und Überblick zur Power-Suche erklären, wie die Suchfunktionen genutzt werden können. Die Power-Suche ist nur ","5","liquidation"
"ZZIP BVBA","https://www.bsearch.be/bedrijfsinfo/2/9384716850433421/G10/SE/zzip-antwerpen-nl.html","ZZip BVBA","0","No relevant keywords"
"ZZIP BVBA","https://trendstop.knack.be/en/detail/882373069/zzip.aspx","Zzip LTD - BE 0882.373.069 - Antwerpen (2000)","0","No relevant keywords"
"ZZIP BVBA","https://www.mrexcel.com/board/threads/using-vba-to-zip-files.797818/","Using VBA to zip files | MrExcel Message Board New posts Search forums Board Rules Menu Log in Register Install the app Install If you would like to post, please check out the MrExcel Message Board FAQ and register here . If you forgot your password, you can reset your password . Forums Question For","5","default"
"ZZIP BVBA","https://www.devhut.net/how-to-zip-and-unzip-files-using-vba/","How to Zip and Unzip Files Using VBA | DEVelopers HUT Skip to main content I know, I know, you’ve already seen code that can zip and unzip files. Things like: VBA Zip/Unzip/Compress/Extract VBA code to Zip and Unzip files and folders Windows Zipping for Ms-access Compression and decompression method","0","No relevant keywords"
"ZZIP BVBA","https://exceloffthegrid.com/vba-cod-to-zip-unzip/","VBA code to Zip and Unzip files and folders - Excel Off The Grid Skip to content Recently, I have been working on a project which requires the zipping and unzipping files and folders. Zip files are now a common method of compressing files and folders for sharing. As software becomes more complex, fi","0","No relevant keywords"
"ZZED NV","https://www.zzed.be/","Huisliften en goederenliften - Limburg | ZZED","0","No relevant keywords"
"ZZED NV","https://www.zzed.be/fr","Ascenseurs domestiques et ascenseurs pour matériel - Limbourg | ZZED","0","No relevant keywords"
"ZZED NV","https://trendstop.knack.be/en/detail/474538846/zzed.aspx","Zzed NV - BE 0474.538.846 - Hasselt (3500)","0","No relevant keywords"
"ZZED NV","https://www.lusha.com/business/0cbe2f006a8f7880/","Managing Director at Zzed Nv","0","No relevant keywords"
"ZZED NV","https://www.vacuumliften.com/contact","ZZED nv","0","No relevant keywords"
"ZZED NV","https://www.solutioninn.com/study-help/fundamental-accounting-principles-/the-income-statement-of-toby-zed-nv-is-presented-hereadditional-789989","[Solved] The income statement of Toby Zed NV is pr | SolutionInn The income statement of Toby Zed NV is presented here. Additional information: 1. Accounts receivable increased 200,000 Question: The income statement of Toby Zed NV is presented here. Additional information: 1. Accounts receivable inc","0","No relevant keywords"
"ZZED NV","https://www.chegg.com/homework-help/questions-and-answers/income-statement-toby-zed-nv-presented--toby-zed-nv-income-statement-year-ended-november-3-q53101404","Solved The income statement of Toby Zed NV is presented | Chegg.com Skip to main content Your solution’s ready to go! Our expert help has broken down your problem into an easy-to-learn solution you can count on. See Answer See Answer See Answer done loading Question: The income statement of Toby Zed","0","No relevant keywords"
"Zyx CVBA","https://www.companyweb.be/nl/0434782308/zyx","Zyx (CVBA) - Denderleeuw (9472) - BE0434782308 Zyx (CVBA) Actief Ondernemingsnummer BE 0434.782.308 Adres Parochiestraat 101/A 9472 Denderleeuw Oprichting 13-07-1988 Hoofdactiviteit Plaatsen van behang en vloerbedekking en wandbekleding van andere materialen Probeer gratis Crisis weerbaarheid van Zy","0","No relevant keywords"
"Zyx CVBA","https://bizstanding.com/p/alu-idzyx+cvba-53397232","ALU-ID/ZYX cvba","0","No relevant keywords"
"Zyx CVBA","https://www.northdata.de/ZYX%20CVBA,%20Denderleeuw/KBO%200434.782.308","ZYX CVBA, Denderleeuw, Belgien Die Visualisierungen zu ""ZYX CVBA, Denderleeuw, Belgien"" werden von North Data zur Weiterverwendung unter einer Creative Commons Lizenz zur Verfügung gestellt.","0","No relevant keywords"
"Zyx CVBA","https://trendstop.knack.be/en/detail/434782308/zyx.aspx","ZYX CVBA - BE 0434.782.308 - Iddergem (9472)","0","No relevant keywords"
"Zyx CVBA","https://www.distractify.com/p/xyzbca-meaning-on-tiktok","Dictionary content skipped","0","No relevant keywords"
"Zyx CVBA","https://trendstop.levif.be/en/detail/434782308/zyx.aspx","ZYX CVBA - BE 0434.782.308 - Iddergem (9472)","0","No relevant keywords"
"Electro Zwijsen Nv","https://zwijsen.be/","Home - Zwijsen Ga naar de inhoud Menu Solliciteer Nu! Together We Build a Brighter Future Veiligheid Vertrouwen en Ervaring onder één dak. PROJECTEN VACATURES Jaar ervaring 0 + Specialisten 0 + Opgeleverde projecten 100 + Over Ons Toonaangevende kwaliteit in de elektrotechniek. Dáár staan wij voor. ","0","No relevant keywords"
"Electro Zwijsen Nv","https://zwijsen.be/over-ons/","Over ons - Zwijsen Ga naar de inhoud Menu Solliciteer Nu! Over ons Toonaangevende kwaliteit in de elektrotechniek. Dáár staan wij voor. Duik terug met ons naar het jaar 1987. Een jaar vol spanning. Met het uit de brand helpen van de eerste klant met algemene elektriciteitswerken, was ons handelsmerk","0","No relevant keywords"
"Electro Zwijsen Nv","https://www.companyweb.be/nl/0431539043/electro-zwijsen","Electro Zwijsen (NV) - Duffel (2570) - BE0431539043 Electro Zwijsen (NV) Actief Ondernemingsnummer BE 0431.539.043 Adres A. Stocletlaan 202 2570 Duffel Oprichting 30-06-1987 Hoofdactiviteit Elektrotechnische installatiewerken aan gebouwen Probeer gratis Crisis weerbaarheid van Electro Zwijsen Welke ","0","No relevant keywords"
"Electro Zwijsen Nv","https://www.fronnt.be/fronntrunner/electro-zwijsen/","Electro Zwijsen - Fronnt Electro Zwijsen Electro Zwijsen FRONNTrunner Elektro Zwijsen is een begrip in Duffel en omstreken. Ze staan bekend voor hun kwaliteitsvolle en efficiënte elektroservice. Hun motto is dan ook niet voor niets “Together We Build a Brighter Future”. Veiligheid, vertrouwen en erv","0","No relevant keywords"
"Electro Zwijsen Nv","https://www.archdaily.com/professional/electro-zwijsen-nv","Electro Zwijsen nv Offices that Electro Zwijsen nv has worked with (1) Projects by Electro Zwijsen nv","0","No relevant keywords"
"Electro Zwijsen Nv","https://www.staatsbladmonitor.be/bedrijfsfiche.html?ondernemingsnummer=0431539043","ELECTRO ZWIJSEN NVjaarrekeningen | publicaties staatsblad","0","No relevant keywords"
"Electro Zwijsen Nv","https://www.captainwork.be/nl/bedrijven/electro-zwijsen","Electro Zwijsen | CaptainWork Overslaan en naar de inhoud gaan Electro Zwijsen Electro Zwijsen is een technische dienstverlener, gespecialiseerd in alle takken van elektrotechniek, gaande van middenspanning, over algemene elektriciteit tot automatisering, beveiliging en onderhoud. Electro Zwijsen he","0","No relevant keywords"
"Electro Zwijsen Nv","https://www.elektricien-gids.be/duffel/electro-zwijsen/","ᐅ Electro Zwijsen uit Duffel >> Elektrieker [Bedrijfsinfo]! × Vind de beste elektricien voor jouw klus! Op zoek naar een vakman? Kom gemakkelijk in contact met professionals uit regio Duffel. Ontvang en vergelijk voorstellen van vakmannen, zonder enige verplichting. Gratis - Vrijblijvend Home » Duff","0","No relevant keywords"
"Electro Zwijsen Nv","https://www.bsearch.be/companyinfo/2/4031115436980343/G10/SE/electro-zwijsen-duffel-en.html","ELECTRO ZWIJSEN NV","0","No relevant keywords"
"DHATI BVBA","https://www.mystore411.com/store/view/4290557/Belgium/Eagle-Creek-Travel-System-Mol","Request failed for https://www.mystore411.com/store/view/4290557/Belgium/Eagle-Creek-Travel-System-Mol: HTTPSConnectionPool(host='www.mystore411.com', port=443): Max retries exceeded with url: /store/view/4290557/Belgium/Eagle-Creek-Travel-System-Mol (Caused by SSLError(SSLCertVerificationError(1, '","0","No relevant keywords"
"DHATI BVBA","https://foursquare.com/v/dhati-bvba/d7d0bd68cb29405f7714bd0c","Dhati bvba","0","No relevant keywords"
"DHATI BVBA","https://data.be/nl/nace/47640-Commerce-de-d%C3%A9tail-d-articles-de-sport-en-magasin-sp%C3%A9cialis%C3%A9","Check 4186 in de categorie Detailhandel in sport- en kampeerartikelen in gespecialiseerde winkels Producten Oplossingen Verminder uw risico's Laat uw bedrijf groeien Compliance automatisering API Prijs Over Data.be Mijn rekening Registreer Inloggen Choisir la langue: NL FR EN v Check 4186 in de cate","0","No relevant keywords"
"DHATI BVBA","http://www.chaineo.be/mol-2400/camping-mol","Notre sÃ©lection de camping mol Déjà membre ? Connectez-vous créez votre flash code Nouveau sur Chaineo ? Inscription gratuite M'inscrire RÃ©seau pro Devenez populaire Serrurier Restaurant Notre sélection de camping mol 1. Box Caravans Kiezelweg 69 - , 2400 Mol Afficher le numéro de téléphone Catégo","0","No relevant keywords"
"DHATI BVBA","https://data.be/nl/nace/47640-Commerce-de-d%C3%A9tail-d-articles-de-sport-en-magasin-sp%C3%A9cialis%C3%A9?page=4","Check MATCH POINT in de categorie Detailhandel in sport- en kampeerartikelen in gespecialiseerde winkels Producten Oplossingen Verminder uw risico's Laat uw bedrijf groeien Compliance automatisering API Prijs Over Data.be Mijn rekening Registreer Inloggen Choisir la langue: NL FR EN v Check MATCH PO","0","No relevant keywords"
"DHATI BVBA","https://data.be/nl/nace/47640","Check 4186 in de categorie Detailhandel in sport- en kampeerartikelen in gespecialiseerde winkels Producten Oplossingen Verminder uw risico's Laat uw bedrijf groeien Compliance automatisering API Prijs Over Data.be Mijn rekening Registreer Inloggen Choisir la langue: NL FR EN v Check 4186 in de cate","0","No relevant keywords"
"Zwick Roell Belux CV","https://globalcatalog.com/zwickroellbeluxcv.be/en/home","ZWICK ROELL BELUX CV Zwick Roell Belux CV is a provider of products and services such as locators or detectors for steel reinforcements in concrete,locators or detectors for cables or metal pipes,sclerometers, concrete hardness testing,moulds, concrete and cement test,presses, flexibility test, for ","0","No relevant keywords"
"Zwick Roell Belux CV","https://bedrijvengids.cybo.com/BE-biz/zwick-roell-belux-cv","Zwick Roell Belux CV Brandstoffengroothandelin de buurt van Zwick Roell Belux CV","0","No relevant keywords"
"Zwick Roell Belux CV","https://globalcatalog.com/zwickroellbeluxcv.be/fr/produits","ZWICK ROELL BELUX CV","0","No relevant keywords"
"Zwick Roell Belux CV","https://globalcatalog.com/zwickroellbeluxcv.be/fr/Ã¡Æ’","ZWICK ROELL BELUX CV Zwick Roell Belux CV est un fournisseur de produits et services tels que localisateurs/détecteurs des fers pour armature dans le béton armé,localisateurs et détecteurs de canalisations, câbles ou conduites métalliques (identification, repérage),scléromètres à mesurer la résistan","0","No relevant keywords"
"Zwick Roell Belux CV","https://www.opendi.be/halle/24059.html","Zwick Roell Belux Cv Zwick Roell Belux Cv can be found at Edingensesteenweg 158 . The following is offered: Laboratories - Machines, Apparatus & Supplies . Dans Halle, il ya 1 autres Laboratories - Machines, Apparatus & Supplies. Un aperçu peut être trouvée ici.","0","No relevant keywords"
"Zwick Roell Belux CV","https://www.callinsider.be/be/023603153","Zwick Roell Belux CV","0","No relevant keywords"
"Zwick Roell Belux CV","https://globalcatalog.com/zwickroellbeluxcv.be/hy/մեր-մասին","ZWICK ROELL BELUX CV Zwick Roell Belux CV մի մատակարար ապրանքների եւ ծառայությունների, ինչպիսիք են locators կամ դետեկտորները համար պողպատե reinforcements կոնկրետ,locators կամ դետեկտորները համար մալուխների եւ մետաղական խողովակներով,sclerometers, բետոնի կարծրություն թեստավորում,moulds, բետոնի եւ ցեմեն","0","No relevant keywords"
"Zwick Roell Belux CV","https://www.ithalatihracat.biz/?pnum=2733","Wear Testing Equipment Importers , IMPORTERS & EXPORTERS & IMPORT EXPORT CUSTOMS DATA & BILL OF LADING SEARCH ENGINE Wear Testing Equipment Importers Tribology Wear & Friction Testing Equipment Importers Related Searches: Tribometers for Friction and Wear Testing importers, Friction And Wear Testing","0","No relevant keywords"
"Climax","https://www.medicalnewstoday.com/articles/climax-vs-orgasm","Is there a difference between orgasm and climax? While many people use the words interchangeably, some believe they have different definitions. By these definitions, an orgasm is the buildup of pleasure before a climax, while a climax is the peak of the orgasm. Climax and orgasm are both parts of se","0","No relevant keywords"
"Climax","https://dictionary.cambridge.org/dictionary/english/climax","Dictionary content skipped","0","No relevant keywords"
"Climax","https://dictionary.cambridge.org/us/dictionary/learner-english/climax","Dictionary content skipped","0","No relevant keywords"
"Climax","https://www.britannica.com/dictionary/climax","Dictionary content skipped","0","No relevant keywords"
"Climax","https://byjus.com/english/climax/","Dictionary content skipped","0","No relevant keywords"
"De Zwerver","https://www.dezwerver.nl/","Reisboekwinkel de Zwerver | Reisgidsen & Wegenkaarten","0","No relevant keywords"
"De Zwerver","https://dezwerver.org/","De Zwerver in Jachthaven Naarden Welkom op de Zwerver Woon- en atelierschip DE ZWERVER (1900) is te huur voor: Voor informatie: Peter Tops, aandachtsfunctionaris De Zwerver, 06-15 05 46 30, [email protected] Woon- en atelierschip DE ZWERVER werd eind 19e eeuw ontworpen door kunstenaar, architect en ","0","No relevant keywords"
"De Zwerver","https://dezwerver.org/geschiedenis/","Tekening. De Zwerver bij scheepswerf ‘De Vlijt’ te Oude Wetering, 1902. W.O.J. Nieuwenkamp Foto. De keuken aan boord van De Zwerver, mei 1913 Tekening. De Zwerver te Ritterhude, Duitsland, 1931. W.O.J. Nieuwenkamp Specificaties De Zwerver De eerste geschreven verslagen over ‘wonen op het water’ date","0","No relevant keywords"
"De Zwerver","https://en.m.wikipedia.org/wiki/De_Zwerver","De Zwerver Kinderdijkse Voetbalvereniging ""De Zwerver"" (official name)[1] is an association football club from Kinderdijk, Netherlands. It was founded on 12 June 1933 and plays in a red-black kit at Sportpark De Schans. Since 1919, its first squad plays in the Saturday Tweede Klasse West II (2019/20","0","No relevant keywords"
"De Zwerver","https://nl.m.wikipedia.org/wiki/De_Zwerver","De Zwerver De Zwerver kan verwijzen naar: Op deze pagina staat een uitleg van de verschillende betekenissen van De Zwerver en verwijzingen daarnaartoe. Bent u hier via een pagina in Wikipedia terechtgekomen? Pas dan de verwijzing naar deze doorverwijspagina aan, zodat toekomstige bezoekers direct op","0","No relevant keywords"
"De Zwerver","https://www.dezwerver.nl/c/boeken/","Boeken | Reisboekwinkel De Zwerver Mandje Tel: +31503126950 Menu Home MapTool Klantenservice Gratis retourneren NL & BE Nieuwsbrief Winkel in Groningen Wie zijn wij? Contact Inloggen Registreren Vragen? Voor uw vragen neem gerust contact met ons op! 050-312 69 50 Neem contact op Op werkdagen voor 17","0","No relevant keywords"
"De Zwerver","https://www.dezwerver.nl/c/boeken/reisgidsen/","Reisgids kopen? Bestel online bij Reisboekwinkel de Zwerver en verken de wereld als een local met ons uitgebreide aanbod aan reisgidsen! Reisgidsen of reisboeken komen in alle vormen en maten. Of u nu een groot omvangrijk boek wilt meenemen van het hele land of zelfs het hele continent dat u gaat be","0","No relevant keywords"
"Climax","https://www.medicalnewstoday.com/articles/climax-vs-orgasm","Is there a difference between orgasm and climax? While many people use the words interchangeably, some believe they have different definitions. By these definitions, an orgasm is the buildup of pleasure before a climax, while a climax is the peak of the orgasm. Climax and orgasm are both parts of se","0","No relevant keywords"
"Climax","https://dictionary.cambridge.org/dictionary/english/climax","Dictionary content skipped","0","No relevant keywords"
"Climax","https://en.wikipedia.org/wiki/Climax_(2018_film)","Climax is a 2018 psychedelic horror film directed, written and co-edited by Gaspar Noé.[7] Featuring an ensemble cast of 24 actors, led by Sofia Boutella, the plot is set in 1996 and follows a French dance troupe holding a days-long rehearsal in an abandoned school; the final night of rehearsing is ","0","No relevant keywords"
"Climax","https://dictionary.cambridge.org/us/dictionary/learner-english/climax","Dictionary content skipped","0","No relevant keywords"
"Climax","https://byjus.com/english/climax/","Dictionary content skipped","0","No relevant keywords"
"Climax","https://literarydevices.net/climax/","Dictionary content skipped","0","No relevant keywords"
"Van Laer-Mazet/Chris","https://www.opendi.be/antwerpen/483788.html","Van Laer-Mazet/Chris Van Laer-Mazet/Chris can be found at Zandvlietse Dorpstraat 19 . The following is offered: Pools . Dans Antwerpen, il ya 3 autres Pools. Un aperçu peut être trouvée ici.","0","No relevant keywords"
"Van Laer-Mazet/Chris","https://www.opendi.be/antwerpen/P/1913.html","Van Laer-Mazet/Chris","0","No relevant keywords"
"Albatros Zweefvliegclub","https://www.zweven.be/","Home | Albatros zweefvliegclub | Zweefvliegen Hasselt Kiewit EBZH top of page KOM zweefvliegen VLIEG EENS MEE LEER VLIEGEN PILOT FOR A WEEK WORD LID WELKOM BIJ DE LEUKSTE ZWEEFVLIEGCLUB VAN BELGIË Wat is zweefvliegen De meest ecologische manier van vliegen Meer weten? PILOT FOR A WEEK Jaarlijks orga","0","No relevant keywords"
"Albatros Zweefvliegclub","https://leadbooster.wixsite.com/albatros","Albatros zweefvliegclub Albatros zweefvliegclub is een club van gepassioneerde zweefpiloten. Wij bieden jou de unieke mogelijkheid om zelf te ervaren wat het is om piloot te zijn. Ben je al gebeten door de microbe van het vliegen en wil je de stap zetten om het zelf te leren? Wij staan voor je klaar","0","No relevant keywords"
"Zweko BVBA","https://www.zweko-optics.com/","Zweko Optics - Specialist in kunststofverwerking en helmvizieren +35 jaar ervaring in kunststofverwerking Gespecialiseerd in kunststofverwerking Met ons gespecialiseerde machinepark, dat onder andere bestaat uit freesmachines, ovens, tampondrukapparatuur en coatingmachines, en met een team van ervar","0","No relevant keywords"
"Zweko BVBA","https://www.zweko-optics.com/de/","Startseite - Zweko Optics +35 Jahre Erfahrung in der Kunststoffverarbeitung Spezialist für Kunststoffverarbeitung Mit unserem spezialisierten Maschinenpark, der unter anderem Fräsmaschinen, Öfen, Tampondruckanlagen und Beschichtungsmaschinen umfasst, und einem Team erfahrener Mitarbeiter sind wir de","0","No relevant keywords"
"Zweko BVBA","https://trendstop.knack.be/nl/detail/840886961/zweko-optics.aspx","Zweko Optics BV - BE 0840.886.961 - Bocholt (3950)","0","No relevant keywords"
"Zweko BVBA","https://www.cylex-belgie.be/bedrijf/zweko+bvba-12443092.html","Zweko BVBA, Bocholt E-mail naar Zweko BVBA Kent u Zweko BVBA? Deel dan hier uw mening.","0","No relevant keywords"
"Zweko BVBA","https://www.mechapro.de/referenzen","Zweko bvba, BE – helmet visors","0","No relevant keywords"
"Zweko BVBA","https://www.cylex-belgie.be/overpelt/chemicali%c3%abn-groothandel-en-fabrikanten/","Chemicaliën - groothandel en fabrikanten in Overpelt - in de Cylex Bedrijvengids . Overpelt Industrie en landbouw Chemicaliën - groothandel en fabrikanten Kaart Zoekresultaten filteren Zoekresultaten filteren Bedrijven met... Openingstijden (2) Website (2) Zoekresultaten filteren Sluiten Zoek in de ","0","No relevant keywords"
"Zweko BVBA","https://issuu.com/mphilippot/docs/directory_2012_-_belgian_vehicle___e-mobility_indu","AGORIA Directory 2012 - Belgian Vehicle & E-Mobility Industry by Marie Philippot - Issuu Advertisement Advertisement Advertisement Advertisement AGORIA Directory 2012 - Belgian Vehicle & E-Mobility Industry Published on Oct 1, 2012 Marie Philippot Follow this publisher Répertoire de l'industrie auto","30","fines"
"P.J.F. BVBA","https://be.bizin.eu/eng/pjf-bvba-zwijnaarde-9052-139416","P.J.F. BVBA You rated P.J.F. BVBA star P.J.F. BVBA facebook","0","No relevant keywords"
"P.J.F. BVBA","https://www.opendi.be/gent/240852.html","P.J.F. Bvba P.J.F. Bvba can be found at Zandvoordestraat 1 . The following is offered: Restaurants . Dans Gent, il ya 447 autres Restaurants. Un aperçu peut être trouvée ici.","0","No relevant keywords"
"P.J.F. BVBA","https://www.faillissementsdossier.be/nl/faillissement/1039523/p-j-f.aspx","Faillissement P.J.F. te Zwijnaarde (891482656) - FaillissementsDossier.be","0","No relevant keywords"
"P.J.F. BVBA","https://www.faillissementsdossier.be/de/insolvenz/1039523/p-j-f.aspx","Insolvenz P.J.F. in Zwijnaarde (891482656) - FaillissementsDossier.be","0","No relevant keywords"
"P.J.F. BVBA","https://www.faillissementsdossier.be/fr/faillite/1039523/p-j-f.aspx","Faillite P.J.F. à Zwijnaarde (891482656) - FaillissementsDossier.be","0","No relevant keywords"
"Brugs Motoren Bedrijf nv","https://www.cylex-belgie.be/bedrijf/brugs+motoren+bedrijf+nv+%22audi%22-12943218.html","Brugs Motoren Bedrijf nv ""audi"", Brugge E-mail naar Brugs Motoren Bedrijf nv ""audi"" Kent u Brugs Motoren Bedrijf nv ""audi""? Deel dan hier uw mening.","0","No relevant keywords"
"Brugs Motoren Bedrijf nv","https://www.opendi.be/brugge/111074.html","Brugs Motoren Bedrijf Nv Brugs Motoren Bedrijf Nv can be found at Oostendse Steenweg 115 . The following is offered: Automobile-Body Repair . Dans Brugge, il ya 7 autres Automobile-Body Repair. Un aperçu peut être trouvée ici.","0","No relevant keywords"
"Brugs Motoren Bedrijf nv","https://www.annuaire-horaire.be/societe/Garagiste-Brugge-Brugs-Motoren-Bedrijf-nv/1056816","Garagiste Brugs Motoren Bedrijf nv Description de Garagiste Brugs Motoren Bedrijf nv 08000 Brugge Horaires de Brugs Motoren Bedrijf nv Quels sont les tarifs ou le prix moyen Brugs Motoren Bedrijf nv? Quels sont les horaires d’ouverture de Brugs Motoren Bedrijf nv? Quelle est l'adresse de Brugs Motor","0","No relevant keywords"
"Brugs Motoren Bedrijf nv","https://www.opendi.be/brugge/A/348.html","Brugs Motoren Bedrijf Nv","0","No relevant keywords"
"Brugs Motoren Bedrijf nv","https://www.cylex-belgie.be/brugge/carrosseries+autos.html","Carrosseries Autos in Brugge op Cylex . Carrosseries Autos in Brugge carrosseries autos in Brugge (Resultaten 1 - 4 van 4 ) Kaart 51.2264839,3.1937614 Brugs Motoren Bedrijf nv ""audi"" OOSTENDSE STEENWEG 115, 8000 Brugge 050 31 33 37 ... Autos réparations de carrosseries , Garages Meer informatie 51.1","0","No relevant keywords"
"Brugs Motoren Bedrijf nv","https://www.annuaire-horaire.be/annuaire-entreprise/Brugs%20Motoren%20Bedrijf%20nv","Annuaire des entreprises et horaires Brugs Motoren Bedrijf nv à Brugs Motoren Bedrijf nv à Brugge Combien d’entreprise exerçant la profession de Brugs Motoren Bedrijf nv à ? Quels sont les horaires d'ouverture Brugs Motoren Bedrijf nv? Quelles sont les adresses les plus recommandés des Brugs Motoren","0","No relevant keywords"
"Brugs Motoren Bedrijf nv","https://www.annuaire-horaire.be/annuaire-entreprise/Brugs%20Leenkrediet","Brugs Motoren Bedrijf nv à Brugge","0","No relevant keywords"
"Brugs Motoren Bedrijf nv","https://www.annuaire-horaire.be/professionnels/Brugs%20Kajakverhuurcenter/BRUGGE%20","Brugs Motoren Bedrijf nv à Brugge","0","No relevant keywords"
"Brugs Motoren Bedrijf nv","https://www.cylex-belgie.be/carrosseries+autos.html","Carrosseries Autos in de buurt - Cylex Bedrijvengids . Carrosseries Autos in de buurt van uw locatie Vind carrosseries autos bij uw in de buurt, door u locatie te delen of door een adres, stad of postcode in te voeren. Deel je locatie Of Voer een locatie in carrosseries autos (Resultaten 1 - 20 van ","0","No relevant keywords"
"Brugs Motoren Bedrijf nv","https://www.annuaire-horaire.be/societe/Garagiste-Brugge-Raes-Brugge-Garage/1060503","Avis Garagiste Raes Brugge Garage Garage: réparation et entretien véhicule, garagiste 050313337 Annuaire Brugge Garagiste Garagiste à Brugge Raes Brugge Garage Signaler une erreur? Garagiste Raes Brugge Garage Garage: réparation et entretien véhicule, garagiste Garagiste Oostendse Steenweg 115, 0800","0","No relevant keywords"
"Zuster Agnes","https://www.zusteragnes.be/","ZUSTER AGNES Vlakbij de Zimmertoren in Lier kan je bij “Zuster Agnes | Eten & Drinken” genieten van de smaakvolle dingen in ‘t leven. Deze trendy brasserie, gevestigd in een authentiek herenhuis, serveert u in een aangenaam kader een verzorgde hedendaagse keuken. Hier kan je terecht van ‘s middags t","0","No relevant keywords"
"Zuster Agnes","https://www.yelp.com/biz/zuster-agnes-lier","Zuster Agnes","0","No relevant keywords"
"Zuster Agnes","https://resy.com/cities/antwerp-belgium/venues/zuster-agnes","Resy | Right This Way {{'titles.skip_to_main' | translate}} Main Content","0","No relevant keywords"
"Zeebrugse Visveiling NV","https://www.bloomberg.com/profile/company/4026141Z:BB","Bloomberg - Are you a robot? We've detected unusual activity from your computer network To continue, please click the box below to let us know you're not a robot. Why did this happen? Please make sure your browser supports JavaScript and cookies and that you are not blocking them from loading. For m","0","No relevant keywords"
"Zeebrugse Visveiling NV","https://vilt.be/nl/nieuws/oostende-en-zeebrugge-gefuseerd-tot-vlaamse-visveiling","De overname van de Oostendse stedelijke vismijn door de private Zeebrugse Visveiling nv is rond. Beide visveilingen opereren voortaan vanuit de nieuwe vennootschap Vlaamse Visveiling. De Vlaamse Visveiling behoort met een omzet van 65 miljoen euro tot de top vijf in de Europese Unie. Er zal ongeveer","0","No relevant keywords"
"Zeebrugse Visveiling NV","https://vilt.be/nl/nieuws/mooie-cijfers-voor-de-nieuwe-vlaamse-visveiling","In november van dit jaar werd de overname van de Oostendse stedelijke vismijn door de private Zeebrugse Visveiling nv afgerond. Beide visveilingen opereren sindsdien vanuit de nieuwe vennootschap Vlaamse Visveiling.","0","No relevant keywords"
"Zeebrugse Visveiling NV","https://www.marketscreener.com/insider/WILLY-DELVAUX-A0TWON/","Zeebrugse Visveiling NV owns and operates a fishing auction hall. The company was founded in 1993 and is headquartered in Zeebrugge, Belgium. Zeebrugse Visveiling NV owns and operates a fishing auction hall. The company was founded in 1993 and is headquartered in Zeebrugge, Belgium.","0","No relevant keywords"
"Zeebrugse Visveiling NV","https://kw.be/nieuws/zeebrugse-visveiling-naar-rechter-tegen-steun-oostendse-vismijn/","De Zeebrugse Visveiling nv vraagt de rechter dat het Oostendse stadsbestuur geen overheidssteun meer mag uitkeren aan de Oostendse Vismijn. Die zou de middelen immers gebruiken voor marktverstorende activiteiten. Vandaag wordt daarover een rechtszaak ingeleid.","0","No relevant keywords"
"Zeebrugse Visveiling NV","https://expertplatform.waterbouwkundiglaboratorium.be/en/imis?module=institute&insid=3069","IMIS | Expertplatform - Waterbouwkundig Laboratorium Skip to main content People Curriculum Projects Data sets Publications Events en English Dutch Data Policy Publications | Persons | Institutes | Projects [ report an error in this record ] Zeebrugse Visveiling nv www.zv.be Out of use record This i","0","No relevant keywords"
"Zeebrugse Visveiling NV","https://www.gva.be/cnt/oid171528","De Zeebrugse Visveiling nv sloot het jaar 2000 af met een totale besomming van 1,918 miljard frank. Dat was een stijging van vijf procent tegenover van 1999. Rekening houdend met de globale visschaarste en de voortdurende daling van de quota werd dit als een groot succes beschouwd.","0","No relevant keywords"
"YDA-Trans SPRL","https://www.companyweb.be/en/0809173505/yda-trans","Yda-Trans (SPRL) - Meise (1861) - BE0809173505 Yda-Trans (SPRL) Active VAT BE 0809.173.505 Address Drijpikkelstraat 49/13 1861 Meise Established 16-01-2009 Principal activity Rental and leasing of trucks and other heavy motor vehicles (> 3.5 tons) Try for free Crisis resilience of Yda-Trans Which co","0","No relevant keywords"
"YDA-Trans SPRL","https://www.companyweb.be/fr/0809173505/yda-trans","Yda-Trans (SPRL) - Meise (1861) - BE0809173505 Yda-Trans (SPRL) Actif Numéro d’entreprise BE 0809.173.505 Adresse Drijpikkelstraat 49/13 1861 Meise Création 16-01-2009 Activité principale Location et location-bail de camions et d'autres véhicules automobiles lourds (> 3,5 ton) Essayer gratuitement R","0","No relevant keywords"
"YDA-Trans SPRL","https://trendstop.levif.be/fr/detail/809173505/yda-trans.aspx","Yda-Trans SPRL - BE 0809.173.505 - Wolvertem (1861)","0","No relevant keywords"
"YDA-Trans SPRL","https://www.bsearch.be/infosociete/2/9889776851463521/G10/SE/yda-trans-elsene-fr.html","YDA-TRANS SPRL","0","No relevant keywords"
"YDA-Trans SPRL","https://fr.cylex-belgie.be/entreprise/yda-trans+sprl-12864739.html","Yda-Trans Sprl, Elsene Envoyer une demande de renseignements par e-mail à Yda-Trans Sprl lundi au vendredi 9h - 12h et 14h - 18h de YDA-Trans SPRL","0","No relevant keywords"
"YDA-Trans SPRL","http://www.horaires-societe.be/YDA-Trans-SPRL/Transport/Ixelles-Bruxelles-capitale/72907","YDA-Trans SPRL","0","No relevant keywords"
"YDA-Trans SPRL","https://fr.cybo.com/BE-biz/yda-trans-sprl","YDA-Trans SPRL Réparation de freins, échappement et transmissionprès de YDA-Trans SPRL","0","No relevant keywords"
"YDA-Trans SPRL","https://data.be/fr/societe/Yda-Trans-SPRL-0809173505","Data.be Produits Solutions Gérer votre risque Développez votre entreprise Compliance automation API Tarifs à propos Mon compte Inscription Connexion Choisir la langue: NL FR EN v YDA-TRANS Mise à jour il y a 2 mois Suivre Accueil Société Belgique Meise YDA-TRANS Vous avez atteint votre limite Désolé","0","No relevant keywords"
"YDA-Trans SPRL","https://www.annuaire-horaire.be/societe/Transport-Ixelles-YDA-Trans-SPRL/1148055","Transport YDA-Trans SPRL Description de Transport YDA-Trans SPRL 01050 Ixelles Prestation de Transport YDA-Trans SPRL Horaires de YDA-Trans SPRL Heures d'ouverture des Transports à proximité du Transport YDA-Trans SPRL: Quels sont les tarifs ou le prix moyen YDA-Trans SPRL? Quels sont les horaires d","0","No relevant keywords"
